{
  "Click on button rename" : {
    "transaction" : "Click on button rename",
    "sampleCount" : 100,
    "errorCount" : 0,
    "errorPct" : 0.0,
    "meanResTime" : 26.75,
    "medianResTime" : 27.0,
    "minResTime" : 20.0,
    "maxResTime" : 36.0,
    "pct1ResTime" : 31.0,
    "pct2ResTime" : 34.0,
    "pct3ResTime" : 35.989999999999995,
    "throughput" : 1.5630372940698365,
    "receivedKBytesPerSec" : 9.824910516114914,
    "sentKBytesPerSec" : 2.675785523930101
  },
  "Assign User to Group -> ADD contact to the group " : {
    "transaction" : "Assign User to Group -> ADD contact to the group ",
    "sampleCount" : 100,
    "errorCount" : 0,
    "errorPct" : 0.0,
    "meanResTime" : 19.209999999999987,
    "medianResTime" : 19.0,
    "minResTime" : 14.0,
    "maxResTime" : 25.0,
    "pct1ResTime" : 22.0,
    "pct2ResTime" : 23.94999999999999,
    "pct3ResTime" : 25.0,
    "throughput" : 1.5634038428466457,
    "receivedKBytesPerSec" : 9.539206259868987,
    "sentKBytesPerSec" : 1.561327447117865
  },
  "Click on button delete name" : {
    "transaction" : "Click on button delete name",
    "sampleCount" : 100,
    "errorCount" : 0,
    "errorPct" : 0.0,
    "meanResTime" : 19.48,
    "medianResTime" : 19.0,
    "minResTime" : 14.0,
    "maxResTime" : 29.0,
    "pct1ResTime" : 23.80000000000001,
    "pct2ResTime" : 25.0,
    "pct3ResTime" : 28.989999999999995,
    "throughput" : 1.5632083287739758,
    "receivedKBytesPerSec" : 9.524625294078568,
    "sentKBytesPerSec" : 0.3695827503868941
  },
  "Opening an Add Contact page" : {
    "transaction" : "Opening an Add Contact page",
    "sampleCount" : 100,
    "errorCount" : 0,
    "errorPct" : 0.0,
    "meanResTime" : 18.859999999999992,
    "medianResTime" : 19.0,
    "minResTime" : 14.0,
    "maxResTime" : 24.0,
    "pct1ResTime" : 22.0,
    "pct2ResTime" : 23.0,
    "pct3ResTime" : 24.0,
    "throughput" : 1.5610121602847287,
    "receivedKBytesPerSec" : 10.085876401008413,
    "sentKBytesPerSec" : 0.28064681514493994
  },
  "Open Home Page -> Click on button [Home]" : {
    "transaction" : "Open Home Page -> Click on button [Home]",
    "sampleCount" : 100,
    "errorCount" : 0,
    "errorPct" : 0.0,
    "meanResTime" : 33.94000000000002,
    "medianResTime" : 34.0,
    "minResTime" : 25.0,
    "maxResTime" : 46.0,
    "pct1ResTime" : 38.0,
    "pct2ResTime" : 42.89999999999998,
    "pct3ResTime" : 45.97999999999999,
    "throughput" : 1.5632816408204102,
    "receivedKBytesPerSec" : 288.1575522868856,
    "sentKBytesPerSec" : 0.2825814762850175
  },
  "Click on button edit name" : {
    "transaction" : "Click on button edit name",
    "sampleCount" : 200,
    "errorCount" : 0,
    "errorPct" : 0.0,
    "meanResTime" : 21.865000000000006,
    "medianResTime" : 22.0,
    "minResTime" : 16.0,
    "maxResTime" : 38.0,
    "pct1ResTime" : 25.0,
    "pct2ResTime" : 25.94999999999999,
    "pct3ResTime" : 28.99000000000001,
    "throughput" : 3.0788651303129666,
    "receivedKBytesPerSec" : 40.86315502855647,
    "sentKBytesPerSec" : 0.5715744738989208
  },
  "Click Group  Button" : {
    "transaction" : "Click Group  Button",
    "sampleCount" : 100,
    "errorCount" : 0,
    "errorPct" : 0.0,
    "meanResTime" : 19.759999999999994,
    "medianResTime" : 19.0,
    "minResTime" : 14.0,
    "maxResTime" : 31.0,
    "pct1ResTime" : 26.0,
    "pct2ResTime" : 28.0,
    "pct3ResTime" : 31.0,
    "throughput" : 1.5632572027075615,
    "receivedKBytesPerSec" : 11.254596953211712,
    "sentKBytesPerSec" : 0.28257705880973594
  },
  "Authorization" : {
    "transaction" : "Authorization",
    "sampleCount" : 100,
    "errorCount" : 0,
    "errorPct" : 0.0,
    "meanResTime" : 30.970000000000002,
    "medianResTime" : 30.0,
    "minResTime" : 23.0,
    "maxResTime" : 87.0,
    "pct1ResTime" : 35.0,
    "pct2ResTime" : 38.849999999999966,
    "pct3ResTime" : 86.56999999999978,
    "throughput" : 1.5593082908421825,
    "receivedKBytesPerSec" : 279.1145699330277,
    "sentKBytesPerSec" : 1.013398112847141
  },
  "Click on button delete group" : {
    "transaction" : "Click on button delete group",
    "sampleCount" : 100,
    "errorCount" : 0,
    "errorPct" : 0.0,
    "meanResTime" : 19.589999999999996,
    "medianResTime" : 19.0,
    "minResTime" : 13.0,
    "maxResTime" : 35.0,
    "pct1ResTime" : 22.0,
    "pct2ResTime" : 27.0,
    "pct3ResTime" : 34.97999999999999,
    "throughput" : 1.5632327653587619,
    "receivedKBytesPerSec" : 9.536819016726591,
    "sentKBytesPerSec" : 1.0492589299671722
  },
  "Click NEXT Button on the Add Contact page" : {
    "transaction" : "Click NEXT Button on the Add Contact page",
    "sampleCount" : 100,
    "errorCount" : 0,
    "errorPct" : 0.0,
    "meanResTime" : 22.93,
    "medianResTime" : 23.0,
    "minResTime" : 17.0,
    "maxResTime" : 29.0,
    "pct1ResTime" : 26.0,
    "pct2ResTime" : 27.0,
    "pct3ResTime" : 29.0,
    "throughput" : 1.5609634266269141,
    "receivedKBytesPerSec" : 24.449046983047936,
    "sentKBytesPerSec" : 1.018803023976398
  },
  "Save New Contact " : {
    "transaction" : "Save New Contact ",
    "sampleCount" : 100,
    "errorCount" : 0,
    "errorPct" : 0.0,
    "meanResTime" : 25.139999999999993,
    "medianResTime" : 26.0,
    "minResTime" : 19.0,
    "maxResTime" : 30.0,
    "pct1ResTime" : 28.0,
    "pct2ResTime" : 29.0,
    "pct3ResTime" : 29.989999999999995,
    "throughput" : 1.560914696011863,
    "receivedKBytesPerSec" : 9.803748512253181,
    "sentKBytesPerSec" : 2.64867712479513
  },
  "Debug Sampler" : {
    "transaction" : "Debug Sampler",
    "sampleCount" : 100,
    "errorCount" : 0,
    "errorPct" : 0.0,
    "meanResTime" : 0.21,
    "medianResTime" : 0.0,
    "minResTime" : 0.0,
    "maxResTime" : 2.0,
    "pct1ResTime" : 1.0,
    "pct2ResTime" : 1.0,
    "pct3ResTime" : 2.0,
    "throughput" : 1.5641374563996684,
    "receivedKBytesPerSec" : 0.4809111687235074,
    "sentKBytesPerSec" : 0.0
  },
  "Total" : {
    "transaction" : "Total",
    "sampleCount" : 2100,
    "errorCount" : 0,
    "errorPct" : 0.0,
    "meanResTime" : 22.499523809523858,
    "medianResTime" : 21.0,
    "minResTime" : 0.0,
    "maxResTime" : 87.0,
    "pct1ResTime" : 34.0,
    "pct2ResTime" : 36.0,
    "pct3ResTime" : 40.0,
    "throughput" : 29.739566368798943,
    "receivedKBytesPerSec" : 1460.6292064669394,
    "sentKBytesPerSec" : 15.008979955001204
  },
  "Logout" : {
    "transaction" : "Logout",
    "sampleCount" : 100,
    "errorCount" : 0,
    "errorPct" : 0.0,
    "meanResTime" : 14.370000000000003,
    "medianResTime" : 14.0,
    "minResTime" : 11.0,
    "maxResTime" : 22.0,
    "pct1ResTime" : 17.0,
    "pct2ResTime" : 18.0,
    "pct3ResTime" : 21.969999999999985,
    "throughput" : 1.5635260639794866,
    "receivedKBytesPerSec" : 8.259173744879453,
    "sentKBytesPerSec" : 0.761699816676569
  },
  "Opening a Group page" : {
    "transaction" : "Opening a Group page",
    "sampleCount" : 200,
    "errorCount" : 0,
    "errorPct" : 0.0,
    "meanResTime" : 18.984999999999996,
    "medianResTime" : 19.0,
    "minResTime" : 13.0,
    "maxResTime" : 32.0,
    "pct1ResTime" : 22.0,
    "pct2ResTime" : 23.0,
    "pct3ResTime" : 29.0,
    "throughput" : 3.08090455357693,
    "receivedKBytesPerSec" : 21.727898842350115,
    "sentKBytesPerSec" : 0.5569096024092673
  },
  "ADD New group button action" : {
    "transaction" : "ADD New group button action",
    "sampleCount" : 100,
    "errorCount" : 0,
    "errorPct" : 0.0,
    "meanResTime" : 18.840000000000003,
    "medianResTime" : 19.0,
    "minResTime" : 14.0,
    "maxResTime" : 27.0,
    "pct1ResTime" : 21.0,
    "pct2ResTime" : 22.0,
    "pct3ResTime" : 27.0,
    "throughput" : 1.563721657544957,
    "receivedKBytesPerSec" : 10.652991228498827,
    "sentKBytesPerSec" : 0.770224540656763
  },
  "Open Home page -> Click on button [Home]" : {
    "transaction" : "Open Home page -> Click on button [Home]",
    "sampleCount" : 300,
    "errorCount" : 0,
    "errorPct" : 0.0,